{"licenses": [{"name": "", "id": 0, "url": ""}], "info": {"contributor": "", "date_created": "", "description": "", "url": "", "version": "", "year": ""}, "categories": [{"id": 1, "name": "dao", "supercategory": ""}, {"id": 2, "name": "kiem", "supercategory": ""}, {"id": 3, "name": "sung", "supercategory": ""}], "images": [{"id": 1, "width": 665, "height": 468, "file_name": "332030_666x468.jpg", "license": 0, "flickr_url": "", "coco_url": "", "date_captured": 0}, {"id": 2, "width": 1024, "height": 768, "file_name": "606bdb6b656c4.image.jpg", "license": 0, "flickr_url": "", "coco_url": "", "date_captured": 0}, {"id": 3, "width": 1500, "height": 1125, "file_name": "__opt__aboutcom__coeus__resources__content_migration__serious_eats__seriouseats.com__images__2015__09__20150921-misen-knife-review-1-a4f5f8aa45db4e509f82494679cb61fa.jpg", "license": 0, "flickr_url": "", "coco_url": "", "date_captured": 0}, {"id": 4, "width": 600, "height": 450, "file_name": "dao-kai-shun-classic-chefs-knife-20cm.jpg", "license": 0, "flickr_url": "", "coco_url": "", "date_captured": 0}, {"id": 5, "width": 232, "height": 217, "file_name": "download (1).jpeg", "license": 0, "flickr_url": "", "coco_url": "", "date_captured": 0}, {"id": 6, "width": 225, "height": 225, "file_name": "download (10).jpeg", "license": 0, "flickr_url": "", "coco_url": "", "date_captured": 0}, {"id": 7, "width": 259, "height": 194, "file_name": "download (11).jpeg", "license": 0, "flickr_url": "", "coco_url": "", "date_captured": 0}, {"id": 8, "width": 260, "height": 194, "file_name": "download (12).jpeg", "license": 0, "flickr_url": "", "coco_url": "", "date_captured": 0}, {"id": 9, "width": 263, "height": 192, "file_name": "download (2).jpeg", "license": 0, "flickr_url": "", "coco_url": "", "date_captured": 0}, {"id": 10, "width": 225, "height": 225, "file_name": "download (3).jpeg", "license": 0, "flickr_url": "", "coco_url": "", "date_captured": 0}, {"id": 11, "width": 291, "height": 173, "file_name": "download (4).jpeg", "license": 0, "flickr_url": "", "coco_url": "", "date_captured": 0}, {"id": 12, "width": 259, "height": 194, "file_name": "download (5).jpeg", "license": 0, "flickr_url": "", "coco_url": "", "date_captured": 0}, {"id": 13, "width": 283, "height": 178, "file_name": "download (6).jpeg", "license": 0, "flickr_url": "", "coco_url": "", "date_captured": 0}, {"id": 14, "width": 269, "height": 187, "file_name": "download (7).jpeg", "license": 0, "flickr_url": "", "coco_url": "", "date_captured": 0}, {"id": 15, "width": 225, "height": 225, "file_name": "download (8).jpeg", "license": 0, "flickr_url": "", "coco_url": "", "date_captured": 0}, {"id": 16, "width": 225, "height": 225, "file_name": "download (9).jpeg", "license": 0, "flickr_url": "", "coco_url": "", "date_captured": 0}, {"id": 17, "width": 200, "height": 134, "file_name": "download.jpeg", "license": 0, "flickr_url": "", "coco_url": "", "date_captured": 0}, {"id": 17, "width": 300, "height": 168, "file_name": "download.png", "license": 0, "flickr_url": "", "coco_url": "", "date_captured": 0}, {"id": 18, "width": 225, "height": 225, "file_name": "images (1).jpeg", "license": 0, "flickr_url": "", "coco_url": "", "date_captured": 0}, {"id": 19, "width": 290, "height": 174, "file_name": "images (10).jpeg", "license": 0, "flickr_url": "", "coco_url": "", "date_captured": 0}, {"id": 20, "width": 300, "height": 168, "file_name": "images (11).jpeg", "license": 0, "flickr_url": "", "coco_url": "", "date_captured": 0}, {"id": 21, "width": 251, "height": 201, "file_name": "images (12).jpeg", "license": 0, "flickr_url": "", "coco_url": "", "date_captured": 0}, {"id": 22, "width": 297, "height": 170, "file_name": "images (13).jpeg", "license": 0, "flickr_url": "", "coco_url": "", "date_captured": 0}, {"id": 23, "width": 224, "height": 224, "file_name": "images (2).jpeg", "license": 0, "flickr_url": "", "coco_url": "", "date_captured": 0}, {"id": 24, "width": 225, "height": 225, "file_name": "images (3).jpeg", "license": 0, "flickr_url": "", "coco_url": "", "date_captured": 0}, {"id": 25, "width": 300, "height": 168, "file_name": "images (4).jpeg", "license": 0, "flickr_url": "", "coco_url": "", "date_captured": 0}, {"id": 26, "width": 225, "height": 225, "file_name": "images (5).jpeg", "license": 0, "flickr_url": "", "coco_url": "", "date_captured": 0}, {"id": 27, "width": 280, "height": 180, "file_name": "images (6).jpeg", "license": 0, "flickr_url": "", "coco_url": "", "date_captured": 0}, {"id": 28, "width": 357, "height": 141, "file_name": "images (7).jpeg", "license": 0, "flickr_url": "", "coco_url": "", "date_captured": 0}, {"id": 29, "width": 302, "height": 167, "file_name": "images (8).jpeg", "license": 0, "flickr_url": "", "coco_url": "", "date_captured": 0}, {"id": 30, "width": 260, "height": 194, "file_name": "images (9).jpeg", "license": 0, "flickr_url": "", "coco_url": "", "date_captured": 0}, {"id": 31, "width": 225, "height": 225, "file_name": "images.jpeg", "license": 0, "flickr_url": "", "coco_url": "", "date_captured": 0}, {"id": 32, "width": 1200, "height": 1200, "file_name": "vb0706-01.jpg", "license": 0, "flickr_url": "", "coco_url": "", "date_captured": 0}, {"id": 33, "width": 1298, "height": 1536, "file_name": "wu_banner_original-2_tablet_1298x1536.jpg", "license": 0, "flickr_url": "", "coco_url": "", "date_captured": 0}], "annotations": [{"id": 1, "image_id": 1, "category_id": 1, "segmentation": [], "area": 56072.82660000001, "bbox": [44.9, 178.38, 569.73, 98.42], "iscrowd": 0, "attributes": {"occluded": false, "rotation": 0.0}}, {"id": 2, "image_id": 2, "category_id": 3, "segmentation": [], "area": 8395.383199999995, "bbox": [450.16, 488.0, 120.14, 69.88], "iscrowd": 0, "attributes": {"occluded": false, "rotation": 0.0}}, {"id": 3, "image_id": 2, "category_id": 3, "segmentation": [], "area": 77330.0214, "bbox": [72.42, 325.65, 360.11, 214.74], "iscrowd": 0, "attributes": {"occluded": false, "rotation": 0.0}}, {"id": 4, "image_id": 2, "category_id": 3, "segmentation": [], "area": 8918.191500000012, "bbox": [813.43, 580.4, 118.83, 75.05], "iscrowd": 0, "attributes": {"occluded": false, "rotation": 0.0}}, {"id": 5, "image_id": 2, "category_id": 3, "segmentation": [], "area": 15884.76150000001, "bbox": [928.51, 475.34, 95.49, 166.35], "iscrowd": 0, "attributes": {"occluded": false, "rotation": 0.0}}, {"id": 6, "image_id": 2, "category_id": 3, "segmentation": [], "area": 89011.61319999999, "bbox": [0.0, 408.99, 417.64, 213.13], "iscrowd": 0, "attributes": {"occluded": false, "rotation": 0.0}}, {"id": 7, "image_id": 2, "category_id": 3, "segmentation": [], "area": 20862.543999999983, "bbox": [376.77, 288.6, 410.68, 50.8], "iscrowd": 0, "attributes": {"occluded": false, "rotation": 0.0}}, {"id": 8, "image_id": 2, "category_id": 3, "segmentation": [], "area": 10580.2197, "bbox": [799.67, 457.8, 130.09, 81.33], "iscrowd": 0, "attributes": {"occluded": false, "rotation": 0.0}}, {"id": 9, "image_id": 2, "category_id": 3, "segmentation": [], "area": 18925.0688, "bbox": [532.0, 155.13, 328.96, 57.53], "iscrowd": 0, "attributes": {"occluded": false, "rotation": 0.0}}, {"id": 10, "image_id": 2, "category_id": 3, "segmentation": [], "area": 25748.500000000004, "bbox": [866.0, 267.7, 115.0, 223.9], "iscrowd": 0, "attributes": {"occluded": false, "rotation": 0.0}}, {"id": 11, "image_id": 2, "category_id": 3, "segmentation": [], "area": 23392.8165, "bbox": [414.47, 327.81, 404.65, 57.81], "iscrowd": 0, "attributes": {"occluded": false, "rotation": 0.0}}, {"id": 12, "image_id": 2, "category_id": 3, "segmentation": [], "area": 12391.568099999995, "bbox": [549.69, 583.02, 137.73, 89.97], "iscrowd": 0, "attributes": {"occluded": false, "rotation": 0.0}}, {"id": 13, "image_id": 2, "category_id": 3, "segmentation": [], "area": 4671.484400000001, "bbox": [740.2, 381.59, 79.42, 58.82], "iscrowd": 0, "attributes": {"occluded": false, "rotation": 0.0}}, {"id": 14, "image_id": 2, "category_id": 3, "segmentation": [], "area": 10232.316999999995, "bbox": [814.68, 530.37, 136.34, 75.05], "iscrowd": 0, "attributes": {"occluded": false, "rotation": 0.0}}, {"id": 15, "image_id": 2, "category_id": 3, "segmentation": [], "area": 34870.1031, "bbox": [368.14, 377.77, 404.01, 86.31], "iscrowd": 0, "attributes": {"occluded": false, "rotation": 0.0}}, {"id": 16, "image_id": 2, "category_id": 3, "segmentation": [], "area": 7450.050800000008, "bbox": [329.01, 511.64, 126.68, 58.81], "iscrowd": 0, "attributes": {"occluded": false, "rotation": 0.0}}, {"id": 17, "image_id": 2, "category_id": 3, "segmentation": [], "area": 11636.483999999997, "bbox": [288.8, 565.9, 152.31, 76.4], "iscrowd": 0, "attributes": {"occluded": false, "rotation": 0.0}}, {"id": 18, "image_id": 2, "category_id": 3, "segmentation": [], "area": 16580.752799999995, "bbox": [374.39, 242.7, 427.78, 38.76], "iscrowd": 0, "attributes": {"occluded": false, "rotation": 0.0}}, {"id": 19, "image_id": 2, "category_id": 3, "segmentation": [], "area": 23805.76499999999, "bbox": [351.88, 208.9, 464.05, 51.3], "iscrowd": 0, "attributes": {"occluded": false, "rotation": 0.0}}, {"id": 20, "image_id": 2, "category_id": 3, "segmentation": [], "area": 11623.100000000004, "bbox": [434.58, 557.38, 123.65, 94.0], "iscrowd": 0, "attributes": {"occluded": false, "rotation": 0.0}}, {"id": 21, "image_id": 2, "category_id": 3, "segmentation": [], "area": 10691.156000000003, "bbox": [381.9, 196.4, 305.2, 35.03], "iscrowd": 0, "attributes": {"occluded": false, "rotation": 0.0}}, {"id": 22, "image_id": 2, "category_id": 3, "segmentation": [], "area": 72969.20060000001, "bbox": [33.59, 449.7, 386.06, 189.01], "iscrowd": 0, "attributes": {"occluded": false, "rotation": 0.0}}, {"id": 23, "image_id": 2, "category_id": 3, "segmentation": [], "area": 3998.3688000000016, "bbox": [773.9, 379.58, 66.84, 59.82], "iscrowd": 0, "attributes": {"occluded": false, "rotation": 0.0}}, {"id": 24, "image_id": 2, "category_id": 3, "segmentation": [], "area": 9998.229800000001, "bbox": [693.35, 544.13, 112.58, 88.81], "iscrowd": 0, "attributes": {"occluded": false, "rotation": 0.0}}, {"id": 25, "image_id": 2, "category_id": 3, "segmentation": [], "area": 10214.004799999997, "bbox": [580.78, 512.86, 120.08, 85.06], "iscrowd": 0, "attributes": {"occluded": false, "rotation": 0.0}}, {"id": 26, "image_id": 2, "category_id": 3, "segmentation": [], "area": 19154.9622, "bbox": [417.48, 348.42, 320.21, 59.82], "iscrowd": 0, "attributes": {"occluded": false, "rotation": 0.0}}, {"id": 27, "image_id": 2, "category_id": 3, "segmentation": [], "area": 3066.3512000000032, "bbox": [808.43, 218.92, 70.04, 43.78], "iscrowd": 0, "attributes": {"occluded": false, "rotation": 0.0}}, {"id": 28, "image_id": 2, "category_id": 3, "segmentation": [], "area": 41114.31, "bbox": [444.44, 447.8, 377.75, 108.84], "iscrowd": 0, "attributes": {"occluded": false, "rotation": 0.0}}, {"id": 29, "image_id": 2, "category_id": 3, "segmentation": [], "area": 14382.96960000002, "bbox": [386.9, 261.4, 425.28, 33.82], "iscrowd": 0, "attributes": {"occluded": false, "rotation": 0.0}}, {"id": 30, "image_id": 3, "category_id": 1, "segmentation": [], "area": 1425284.0655, "bbox": [59.2, 75.0, 1409.01, 1011.55], "iscrowd": 0, "attributes": {"occluded": false, "rotation": 0.0}}, {"id": 31, "image_id": 4, "category_id": 1, "segmentation": [], "area": 197727.7945, "bbox": [54.45, 19.05, 480.05, 411.89], "iscrowd": 0, "attributes": {"occluded": false, "rotation": 0.0}}, {"id": 32, "image_id": 5, "category_id": 1, "segmentation": [], "area": 48480.9024, "bbox": [0.0, 2.84, 230.16, 210.64], "iscrowd": 0, "attributes": {"occluded": false, "rotation": 0.0}}, {"id": 33, "image_id": 6, "category_id": 2, "segmentation": [], "area": 38788.00959999999, "bbox": [0.0, 36.27, 224.26, 172.96], "iscrowd": 0, "attributes": {"occluded": false, "rotation": 0.0}}, {"id": 34, "image_id": 7, "category_id": 3, "segmentation": [], "area": 2697.7805999999996, "bbox": [167.74, 15.8, 83.73, 32.22], "iscrowd": 0, "attributes": {"occluded": false, "rotation": 0.0}}, {"id": 35, "image_id": 7, "category_id": 3, "segmentation": [], "area": 2447.5688, "bbox": [0.25, 100.79, 84.08, 29.11], "iscrowd": 0, "attributes": {"occluded": false, "rotation": 0.0}}, {"id": 36, "image_id": 7, "category_id": 3, "segmentation": [], "area": 2870.7335999999996, "bbox": [172.48, 70.14, 86.52, 33.18], "iscrowd": 0, "attributes": {"occluded": false, "rotation": 0.0}}, {"id": 37, "image_id": 7, "category_id": 3, "segmentation": [], "area": 2932.4999999999986, "bbox": [157.0, 101.42, 102.0, 28.75], "iscrowd": 0, "attributes": {"occluded": false, "rotation": 0.0}}, {"id": 38, "image_id": 7, "category_id": 3, "segmentation": [], "area": 1827.3573, "bbox": [90.65, 35.7, 16.11, 113.43], "iscrowd": 0, "attributes": {"occluded": false, "rotation": 0.0}}, {"id": 39, "image_id": 7, "category_id": 3, "segmentation": [], "area": 3617.1284000000005, "bbox": [158.58, 126.38, 100.42, 36.02], "iscrowd": 0, "attributes": {"occluded": false, "rotation": 0.0}}, {"id": 40, "image_id": 7, "category_id": 3, "segmentation": [], "area": 2439.4335, "bbox": [0.0, 12.32, 79.59, 30.65], "iscrowd": 0, "attributes": {"occluded": false, "rotation": 0.0}}, {"id": 41, "image_id": 7, "category_id": 3, "segmentation": [], "area": 2749.3545, "bbox": [0.57, 42.97, 73.65, 37.33], "iscrowd": 0, "attributes": {"occluded": false, "rotation": 0.0}}, {"id": 42, "image_id": 7, "category_id": 3, "segmentation": [], "area": 1005.7344999999984, "bbox": [148.15, 18.32, 6.95, 144.71], "iscrowd": 0, "attributes": {"occluded": false, "rotation": 0.0}}, {"id": 43, "image_id": 7, "category_id": 3, "segmentation": [], "area": 2646.242100000001, "bbox": [0.88, 123.54, 91.03, 29.07], "iscrowd": 0, "attributes": {"occluded": false, "rotation": 0.0}}, {"id": 44, "image_id": 7, "category_id": 3, "segmentation": [], "area": 1485.5792000000001, "bbox": [103.92, 32.23, 12.64, 117.53], "iscrowd": 0, "attributes": {"occluded": false, "rotation": 0.0}}, {"id": 45, "image_id": 7, "category_id": 3, "segmentation": [], "area": 1540.642799999999, "bbox": [114.34, 23.7, 12.01, 128.28], "iscrowd": 0, "attributes": {"occluded": false, "rotation": 0.0}}, {"id": 46, "image_id": 7, "category_id": 3, "segmentation": [], "area": 1504.6479999999983, "bbox": [136.15, 17.69, 10.42, 144.4], "iscrowd": 0, "attributes": {"occluded": false, "rotation": 0.0}}, {"id": 47, "image_id": 7, "category_id": 3, "segmentation": [], "area": 1595.0972999999985, "bbox": [124.14, 21.8, 11.37, 140.29], "iscrowd": 0, "attributes": {"occluded": false, "rotation": 0.0}}, {"id": 48, "image_id": 7, "category_id": 3, "segmentation": [], "area": 4003.1013000000003, "bbox": [157.63, 47.71, 101.37, 39.49], "iscrowd": 0, "attributes": {"occluded": false, "rotation": 0.0}}, {"id": 49, "image_id": 7, "category_id": 3, "segmentation": [], "area": 1450.5254000000004, "bbox": [0.0, 80.88, 80.54, 18.01], "iscrowd": 0, "attributes": {"occluded": false, "rotation": 0.0}}, {"id": 50, "image_id": 8, "category_id": 3, "segmentation": [], "area": 47195.6456, "bbox": [2.34, 3.79, 254.96, 185.11], "iscrowd": 0, "attributes": {"occluded": false, "rotation": 0.0}}, {"id": 51, "image_id": 9, "category_id": 1, "segmentation": [], "area": 16963.5344, "bbox": [1.09, 59.72, 259.54, 65.36], "iscrowd": 0, "attributes": {"occluded": false, "rotation": 0.0}}, {"id": 52, "image_id": 10, "category_id": 1, "segmentation": [], "area": 13027.500000000002, "bbox": [0.0, 82.81, 225.0, 57.9], "iscrowd": 0, "attributes": {"occluded": false, "rotation": 0.0}}, {"id": 53, "image_id": 11, "category_id": 2, "segmentation": [], "area": 42032.255999999994, "bbox": [10.53, 9.3, 268.8, 156.37], "iscrowd": 0, "attributes": {"occluded": false, "rotation": 0.0}}, {"id": 54, "image_id": 12, "category_id": 2, "segmentation": [], "area": 40677.4284, "bbox": [10.39, 19.27, 241.08, 168.73], "iscrowd": 0, "attributes": {"occluded": false, "rotation": 0.0}}, {"id": 55, "image_id": 13, "category_id": 2, "segmentation": [], "area": 43639.71489999999, "bbox": [3.79, 4.34, 277.73, 157.13], "iscrowd": 0, "attributes": {"occluded": false, "rotation": 0.0}}, {"id": 56, "image_id": 14, "category_id": 2, "segmentation": [], "area": 43760.3344, "bbox": [4.47, 3.95, 257.96, 169.64], "iscrowd": 0, "attributes": {"occluded": false, "rotation": 0.0}}, {"id": 57, "image_id": 15, "category_id": 2, "segmentation": [], "area": 30273.991, "bbox": [31.51, 16.48, 164.9, 183.59], "iscrowd": 0, "attributes": {"occluded": false, "rotation": 0.0}}, {"id": 58, "image_id": 15, "category_id": 2, "segmentation": [], "area": 28098.56, "bbox": [3.29, 7.32, 163.84, 171.5], "iscrowd": 0, "attributes": {"occluded": false, "rotation": 0.0}}, {"id": 59, "image_id": 15, "category_id": 2, "segmentation": [], "area": 30915.861300000004, "bbox": [60.82, 28.57, 163.81, 188.73], "iscrowd": 0, "attributes": {"occluded": false, "rotation": 0.0}}, {"id": 60, "image_id": 16, "category_id": 2, "segmentation": [], "area": 48256.1336, "bbox": [2.56, 5.49, 222.44, 216.94], "iscrowd": 0, "attributes": {"occluded": false, "rotation": 0.0}}, {"id": 61, "image_id": 17, "category_id": 1, "segmentation": [], "area": 16380.504, "bbox": [8.13, 20.3, 185.72, 88.2], "iscrowd": 0, "attributes": {"occluded": false, "rotation": 0.0}}, {"id": 62, "image_id": 17, "category_id": 1, "segmentation": [], "area": 18918.4332, "bbox": [76.13, 17.24, 145.56, 129.97], "iscrowd": 0, "attributes": {"occluded": false, "rotation": 0.0}}, {"id": 63, "image_id": 18, "category_id": 1, "segmentation": [], "area": 39143.09880000001, "bbox": [8.79, 14.65, 201.54, 194.22], "iscrowd": 0, "attributes": {"occluded": false, "rotation": 0.0}}, {"id": 64, "image_id": 19, "category_id": 3, "segmentation": [], "area": 1585.0799999999997, "bbox": [1.03, 43.94, 66.6, 23.8], "iscrowd": 0, "attributes": {"occluded": false, "rotation": 0.0}}, {"id": 65, "image_id": 19, "category_id": 3, "segmentation": [], "area": 2219.111999999999, "bbox": [148.96, 73.98, 93.24, 23.8], "iscrowd": 0, "attributes": {"occluded": false, "rotation": 0.0}}, {"id": 66, "image_id": 19, "category_id": 3, "segmentation": [], "area": 1565.3635000000002, "bbox": [0.0, 21.83, 69.05, 22.67], "iscrowd": 0, "attributes": {"occluded": false, "rotation": 0.0}}, {"id": 67, "image_id": 19, "category_id": 3, "segmentation": [], "area": 753.3333000000001, "bbox": [250.13, 100.61, 39.67, 18.99], "iscrowd": 0, "attributes": {"occluded": false, "rotation": 0.0}}, {"id": 68, "image_id": 19, "category_id": 3, "segmentation": [], "area": 2186.184, "bbox": [44.11, 5.68, 92.95, 23.52], "iscrowd": 0, "attributes": {"occluded": false, "rotation": 0.0}}, {"id": 69, "image_id": 19, "category_id": 3, "segmentation": [], "area": 1693.6053, "bbox": [0.75, 90.41, 71.13, 23.81], "iscrowd": 0, "attributes": {"occluded": false, "rotation": 0.0}}, {"id": 70, "image_id": 19, "category_id": 3, "segmentation": [], "area": 1731.8336000000004, "bbox": [65.64, 106.28, 87.29, 19.84], "iscrowd": 0, "attributes": {"occluded": false, "rotation": 0.0}}, {"id": 71, "image_id": 19, "category_id": 3, "segmentation": [], "area": 1967.1324000000006, "bbox": [147.54, 58.67, 97.77, 20.12], "iscrowd": 0, "attributes": {"occluded": false, "rotation": 0.0}}, {"id": 72, "image_id": 19, "category_id": 3, "segmentation": [], "area": 2214.5948999999987, "bbox": [147.54, 151.34, 98.91, 22.39], "iscrowd": 0, "attributes": {"occluded": false, "rotation": 0.0}}, {"id": 73, "image_id": 19, "category_id": 3, "segmentation": [], "area": 1232.5425000000005, "bbox": [0.0, 115.92, 69.05, 17.85], "iscrowd": 0, "attributes": {"occluded": false, "rotation": 0.0}}, {"id": 74, "image_id": 19, "category_id": 3, "segmentation": [], "area": 861.9453999999998, "bbox": [247.58, 144.54, 41.66, 20.69], "iscrowd": 0, "attributes": {"occluded": false, "rotation": 0.0}}, {"id": 75, "image_id": 19, "category_id": 3, "segmentation": [], "area": 1476.8080000000004, "bbox": [60.54, 27.22, 73.4, 20.12], "iscrowd": 0, "attributes": {"occluded": false, "rotation": 0.0}}, {"id": 76, "image_id": 19, "category_id": 3, "segmentation": [], "area": 2157.2764999999995, "bbox": [154.63, 12.48, 96.35, 22.39], "iscrowd": 0, "attributes": {"occluded": false, "rotation": 0.0}}, {"id": 77, "image_id": 19, "category_id": 3, "segmentation": [], "area": 1598.3428999999994, "bbox": [149.81, 136.32, 90.97, 17.57], "iscrowd": 0, "attributes": {"occluded": false, "rotation": 0.0}}, {"id": 78, "image_id": 19, "category_id": 3, "segmentation": [], "area": 1713.8437999999996, "bbox": [61.11, 51.02, 71.98, 23.81], "iscrowd": 0, "attributes": {"occluded": false, "rotation": 0.0}}, {"id": 79, "image_id": 19, "category_id": 3, "segmentation": [], "area": 1518.5939999999998, "bbox": [204.5, 109.4, 46.2, 32.87], "iscrowd": 0, "attributes": {"occluded": false, "rotation": 0.0}}, {"id": 80, "image_id": 19, "category_id": 3, "segmentation": [], "area": 1778.4634999999985, "bbox": [45.81, 153.33, 90.97, 19.55], "iscrowd": 0, "attributes": {"occluded": false, "rotation": 0.0}}, {"id": 81, "image_id": 19, "category_id": 3, "segmentation": [], "area": 1541.9992999999997, "bbox": [0.18, 69.16, 68.87, 22.39], "iscrowd": 0, "attributes": {"occluded": false, "rotation": 0.0}}, {"id": 82, "image_id": 19, "category_id": 3, "segmentation": [], "area": 2017.1766, "bbox": [157.75, 89.85, 88.98, 22.67], "iscrowd": 0, "attributes": {"occluded": false, "rotation": 0.0}}, {"id": 83, "image_id": 19, "category_id": 3, "segmentation": [], "area": 1275.2636000000002, "bbox": [149.53, 111.38, 53.56, 23.81], "iscrowd": 0, "attributes": {"occluded": false, "rotation": 0.0}}, {"id": 84, "image_id": 19, "category_id": 3, "segmentation": [], "area": 848.29, "bbox": [249.0, 123.0, 41.0, 20.69], "iscrowd": 0, "attributes": {"occluded": false, "rotation": 0.0}}, {"id": 85, "image_id": 19, "category_id": 3, "segmentation": [], "area": 2674.9388, "bbox": [145.56, 34.02, 103.72, 25.79], "iscrowd": 0, "attributes": {"occluded": false, "rotation": 0.0}}, {"id": 86, "image_id": 19, "category_id": 3, "segmentation": [], "area": 2109.7735999999977, "bbox": [1.03, 137.46, 102.02, 20.68], "iscrowd": 0, "attributes": {"occluded": false, "rotation": 0.0}}, {"id": 87, "image_id": 19, "category_id": 3, "segmentation": [], "area": 902.0880000000002, "bbox": [249.0, 33.45, 40.8, 22.11], "iscrowd": 0, "attributes": {"occluded": false, "rotation": 0.0}}, {"id": 88, "image_id": 19, "category_id": 3, "segmentation": [], "area": 1706.0679999999998, "bbox": [63.94, 76.53, 70.85, 24.08], "iscrowd": 0, "attributes": {"occluded": false, "rotation": 0.0}}, {"id": 89, "image_id": 19, "category_id": 3, "segmentation": [], "area": 2074.680000000001, "bbox": [57.14, 136.04, 90.4, 22.95], "iscrowd": 0, "attributes": {"occluded": false, "rotation": 0.0}}, {"id": 90, "image_id": 19, "category_id": 3, "segmentation": [], "area": 1034.2054000000003, "bbox": [244.18, 54.14, 45.62, 22.67], "iscrowd": 0, "attributes": {"occluded": false, "rotation": 0.0}}, {"id": 91, "image_id": 19, "category_id": 3, "segmentation": [], "area": 1000.2004000000002, "bbox": [245.88, 76.81, 44.12, 22.67], "iscrowd": 0, "attributes": {"occluded": false, "rotation": 0.0}}, {"id": 92, "image_id": 20, "category_id": 3, "segmentation": [], "area": 17452.084000000003, "bbox": [194.05, 1.64, 105.95, 164.72], "iscrowd": 0, "attributes": {"occluded": false, "rotation": 0.0}}, {"id": 93, "image_id": 20, "category_id": 3, "segmentation": [], "area": 4047.1256000000003, "bbox": [55.05, 0.82, 96.04, 42.14], "iscrowd": 0, "attributes": {"occluded": false, "rotation": 0.0}}, {"id": 94, "image_id": 20, "category_id": 3, "segmentation": [], "area": 6769.407499999999, "bbox": [102.94, 25.4, 78.25, 86.51], "iscrowd": 0, "attributes": {"occluded": false, "rotation": 0.0}}, {"id": 95, "image_id": 20, "category_id": 3, "segmentation": [], "area": 2085.5079000000005, "bbox": [156.57, 2.19, 68.67, 30.37], "iscrowd": 0, "attributes": {"occluded": false, "rotation": 0.0}}, {"id": 96, "image_id": 20, "category_id": 3, "segmentation": [], "area": 7608.8046, "bbox": [171.07, 75.75, 83.22, 91.43], "iscrowd": 0, "attributes": {"occluded": false, "rotation": 359.9}}, {"id": 97, "image_id": 20, "category_id": 3, "segmentation": [], "area": 4509.943200000001, "bbox": [216.76, 1.37, 83.24, 54.18], "iscrowd": 0, "attributes": {"occluded": false, "rotation": 0.0}}, {"id": 98, "image_id": 20, "category_id": 3, "segmentation": [], "area": 3557.8199999999983, "bbox": [25.23, 48.43, 39.4, 90.3], "iscrowd": 0, "attributes": {"occluded": false, "rotation": 0.0}}, {"id": 99, "image_id": 20, "category_id": 3, "segmentation": [], "area": 10171.5484, "bbox": [66.82, 57.74, 94.12, 108.07], "iscrowd": 0, "attributes": {"occluded": false, "rotation": 0.0}}, {"id": 100, "image_id": 21, "category_id": 3, "segmentation": [], "area": 13045.789400000001, "bbox": [79.02, 115.55, 153.86, 84.79], "iscrowd": 0, "attributes": {"occluded": false, "rotation": 0.0}}, {"id": 101, "image_id": 21, "category_id": 3, "segmentation": [], "area": 37902.88440000001, "bbox": [0.75, 0.32, 246.86, 153.54], "iscrowd": 0, "attributes": {"occluded": false, "rotation": 0.0}}, {"id": 102, "image_id": 22, "category_id": 3, "segmentation": [], "area": 15499.2195, "bbox": [10.05, 0.0, 102.15, 151.73], "iscrowd": 0, "attributes": {"occluded": false, "rotation": 0.0}}, {"id": 103, "image_id": 22, "category_id": 3, "segmentation": [], "area": 898.8839999999996, "bbox": [174.52, 97.5, 36.54, 24.6], "iscrowd": 0, "attributes": {"occluded": false, "rotation": 0.0}}, {"id": 104, "image_id": 22, "category_id": 3, "segmentation": [], "area": 11761.541000000001, "bbox": [39.4, 8.03, 80.3, 146.47], "iscrowd": 0, "attributes": {"occluded": false, "rotation": 0.0}}, {"id": 105, "image_id": 22, "category_id": 3, "segmentation": [], "area": 931.4217000000002, "bbox": [96.99, 89.16, 32.67, 28.51], "iscrowd": 0, "attributes": {"occluded": false, "rotation": 0.0}}, {"id": 106, "image_id": 22, "category_id": 3, "segmentation": [], "area": 16041.768599999994, "bbox": [184.21, 0.81, 96.07, 166.98], "iscrowd": 0, "attributes": {"occluded": false, "rotation": 0.0}}, {"id": 107, "image_id": 22, "category_id": 3, "segmentation": [], "area": 853.7496000000001, "bbox": [133.82, 70.05, 35.44, 24.09], "iscrowd": 0, "attributes": {"occluded": false, "rotation": 0.0}}, {"id": 108, "image_id": 22, "category_id": 3, "segmentation": [], "area": 620.8097999999997, "bbox": [101.7, 68.67, 27.69, 22.42], "iscrowd": 0, "attributes": {"occluded": false, "rotation": 0.0}}, {"id": 109, "image_id": 22, "category_id": 3, "segmentation": [], "area": 12500.531100000002, "bbox": [169.26, 8.31, 83.61, 149.51], "iscrowd": 0, "attributes": {"occluded": false, "rotation": 0.0}}, {"id": 110, "image_id": 22, "category_id": 3, "segmentation": [], "area": 2953.3848, "bbox": [93.12, 41.81, 93.58, 31.56], "iscrowd": 0, "attributes": {"occluded": false, "rotation": 0.0}}, {"id": 111, "image_id": 22, "category_id": 3, "segmentation": [], "area": 929.4343999999999, "bbox": [135.75, 91.65, 35.72, 26.02], "iscrowd": 0, "attributes": {"occluded": false, "rotation": 0.0}}, {"id": 112, "image_id": 22, "category_id": 3, "segmentation": [], "area": 883.1648, "bbox": [171.47, 68.67, 35.44, 24.92], "iscrowd": 0, "attributes": {"occluded": false, "rotation": 0.0}}, {"id": 113, "image_id": 23, "category_id": 1, "segmentation": [], "area": 26307.8409, "bbox": [26.98, 43.76, 172.93, 152.13], "iscrowd": 0, "attributes": {"occluded": false, "rotation": 0.0}}, {"id": 114, "image_id": 24, "category_id": 1, "segmentation": [], "area": 16328.0469, "bbox": [17.58, 64.49, 194.59, 83.91], "iscrowd": 0, "attributes": {"occluded": false, "rotation": 0.0}}, {"id": 115, "image_id": 25, "category_id": 1, "segmentation": [], "area": 12014.675999999996, "bbox": [155.74, 9.31, 83.96, 143.1], "iscrowd": 0, "attributes": {"occluded": false, "rotation": 0.0}}, {"id": 116, "image_id": 25, "category_id": 1, "segmentation": [], "area": 11165.275899999997, "bbox": [65.18, 11.77, 80.17, 139.27], "iscrowd": 0, "attributes": {"occluded": false, "rotation": 0.0}}, {"id": 117, "image_id": 25, "category_id": 1, "segmentation": [], "area": 12892.9152, "bbox": [11.28, 7.39, 86.46, 149.12], "iscrowd": 0, "attributes": {"occluded": false, "rotation": 0.0}}, {"id": 118, "image_id": 25, "category_id": 1, "segmentation": [], "area": 12426.768200000002, "bbox": [205.54, 10.13, 87.01, 142.82], "iscrowd": 0, "attributes": {"occluded": false, "rotation": 0.0}}, {"id": 119, "image_id": 25, "category_id": 1, "segmentation": [], "area": 11297.316599999998, "bbox": [110.32, 14.5, 82.91, 136.26], "iscrowd": 0, "attributes": {"occluded": false, "rotation": 0.0}}, {"id": 120, "image_id": 26, "category_id": 1, "segmentation": [], "area": 33309.888, "bbox": [22.71, 11.35, 174.8, 190.56], "iscrowd": 0, "attributes": {"occluded": false, "rotation": 0.0}}, {"id": 121, "image_id": 27, "category_id": 2, "segmentation": [], "area": 22482.045800000004, "bbox": [18.62, 65.38, 234.53, 95.86], "iscrowd": 0, "attributes": {"occluded": false, "rotation": 0.0}}, {"id": 122, "image_id": 28, "category_id": 2, "segmentation": [], "area": 3806.291999999999, "bbox": [319.14, 0.59, 28.07, 135.6], "iscrowd": 0, "attributes": {"occluded": false, "rotation": 0.0}}, {"id": 123, "image_id": 28, "category_id": 2, "segmentation": [], "area": 4633.090800000001, "bbox": [214.79, 0.59, 34.71, 133.48], "iscrowd": 0, "attributes": {"occluded": false, "rotation": 0.0}}, {"id": 124, "image_id": 28, "category_id": 2, "segmentation": [], "area": 5024.9703, "bbox": [7.95, 1.38, 37.87, 132.69], "iscrowd": 0, "attributes": {"occluded": false, "rotation": 0.0}}, {"id": 125, "image_id": 28, "category_id": 2, "segmentation": [], "area": 4263.4403999999995, "bbox": [271.44, 0.83, 31.56, 135.09], "iscrowd": 0, "attributes": {"occluded": false, "rotation": 0.0}}, {"id": 126, "image_id": 28, "category_id": 2, "segmentation": [], "area": 4493.946599999999, "bbox": [158.09, 0.56, 33.66, 133.51], "iscrowd": 0, "attributes": {"occluded": false, "rotation": 0.0}}, {"id": 127, "image_id": 28, "category_id": 2, "segmentation": [], "area": 4714.6460000000025, "bbox": [104.35, 0.85, 33.64, 140.15], "iscrowd": 0, "attributes": {"occluded": false, "rotation": 0.0}}, {"id": 128, "image_id": 28, "category_id": 2, "segmentation": [], "area": 3860.1829, "bbox": [55.07, 1.09, 28.63, 134.83], "iscrowd": 0, "attributes": {"occluded": false, "rotation": 0.0}}, {"id": 129, "image_id": 29, "category_id": 2, "segmentation": [], "area": 48458.174, "bbox": [1.66, 4.08, 298.94, 162.1], "iscrowd": 0, "attributes": {"occluded": false, "rotation": 0.0}}, {"id": 130, "image_id": 30, "category_id": 2, "segmentation": [], "area": 5983.95, "bbox": [0.76, 19.59, 34.75, 172.2], "iscrowd": 0, "attributes": {"occluded": false, "rotation": 0.0}}, {"id": 131, "image_id": 30, "category_id": 2, "segmentation": [], "area": 3707.9856, "bbox": [101.23, 22.12, 22.44, 165.24], "iscrowd": 0, "attributes": {"occluded": false, "rotation": 0.0}}, {"id": 132, "image_id": 30, "category_id": 2, "segmentation": [], "area": 4278.784, "bbox": [37.72, 19.59, 25.6, 167.14], "iscrowd": 0, "attributes": {"occluded": false, "rotation": 0.0}}, {"id": 133, "image_id": 30, "category_id": 2, "segmentation": [], "area": 4338.888599999999, "bbox": [227.93, 16.43, 25.91, 167.46], "iscrowd": 0, "attributes": {"occluded": false, "rotation": 0.0}}, {"id": 134, "image_id": 30, "category_id": 2, "segmentation": [], "area": 3788.0500000000006, "bbox": [162.21, 19.27, 22.12, 171.25], "iscrowd": 0, "attributes": {"occluded": false, "rotation": 0.0}}, {"id": 135, "image_id": 30, "category_id": 2, "segmentation": [], "area": 4419.2850000000035, "bbox": [129.98, 18.01, 25.95, 170.3], "iscrowd": 0, "attributes": {"occluded": false, "rotation": 0.0}}, {"id": 136, "image_id": 30, "category_id": 2, "segmentation": [], "area": 4910.5732, "bbox": [67.11, 20.22, 29.38, 167.14], "iscrowd": 0, "attributes": {"occluded": false, "rotation": 0.0}}, {"id": 137, "image_id": 30, "category_id": 2, "segmentation": [], "area": 4861.5336, "bbox": [192.86, 18.32, 28.44, 170.94], "iscrowd": 0, "attributes": {"occluded": false, "rotation": 0.0}}, {"id": 138, "image_id": 31, "category_id": 1, "segmentation": [], "area": 13317.308099999998, "bbox": [3.66, 86.47, 220.23, 60.47], "iscrowd": 0, "attributes": {"occluded": false, "rotation": 0.0}}, {"id": 139, "image_id": 32, "category_id": 1, "segmentation": [], "area": 1124138.1046000002, "bbox": [31.34, 66.5, 1065.14, 1055.39], "iscrowd": 0, "attributes": {"occluded": false, "rotation": 0.0}}, {"id": 140, "image_id": 33, "category_id": 1, "segmentation": [], "area": 595592.6475, "bbox": [493.85, 222.67, 515.33, 1155.75], "iscrowd": 0, "attributes": {"occluded": false, "rotation": 0.0}}]}